method,sigma,circuits,mean_fidelity,mean_per_circuit_p10,mean_makespan_ticks,mean_compile_seconds
asap,0.2,16,0.9106287345305808,0.8868277315683808,45.75,0.0003863798124967843
asap,0.6,16,0.8930909374229385,0.8353803464733247,45.75,0.0003863798124967843
asap,1.0,16,0.8976645624055151,0.8529581442190421,45.75,0.0003863798124967843
conservative,0.2,16,0.9083905331112658,0.9017415050608498,66.375,0.0008582749999845873
conservative,0.6,16,0.8997586343015296,0.8702332762766666,66.375,0.0008582749999845873
conservative,1.0,16,0.8996146157593181,0.8715013205176014,66.375,0.0008582749999845873
nominal,0.2,16,0.9137524989327932,0.8936694871745217,47.75,0.17748152399998673
nominal,0.6,16,0.8974763638780846,0.8446737226397765,47.75,0.17748152399998673
nominal,1.0,16,0.9004080424619516,0.8601358209139034,47.75,0.17748152399998673
scenario_mean,0.2,16,0.9142149802163237,0.902530561499927,59.75,0.28847267318752756
scenario_mean,0.6,16,0.9054931817339925,0.8771442329670724,59.75,0.28847267318752756
scenario_mean,1.0,16,0.9073463296990641,0.8829976786186562,59.75,0.28847267318752756
robust,0.2,16,0.9138714204162944,0.9021554880920244,60.0,0.24418582643750142
robust,0.6,16,0.9051174158099736,0.8767004234694513,60.0,0.24418582643750142
robust,1.0,16,0.9069927300499393,0.8825751097919434,60.0,0.24418582643750142
